<?xml version="1.0" encoding="UTF-8" standalone="yes"?>
<addon  id="plugin.video.plexkodiconnect"
        name="PlexKodiConnect" 
        version="1.1.4"
        provider-name="croneter">
  <requires>
    <import addon="xbmc.python" version="2.1.0"/>
    <import addon="script.module.requests" version="2.3.0" />
    <import addon="plugin.video.plexkodiconnect.movies" version="0.01" />
    <import addon="plugin.video.plexkodiconnect.tvshows" version="0.01" />
  </requires>
  <extension    point="xbmc.python.pluginsource"
                library="default.py">
        <provides>video audio image</provides>
  </extension>
  <extension point="xbmc.service" library="service.py" start="login">
  </extension>
  <extension point="xbmc.addon.metadata">
    <platform>all</platform>
    <language>en</language>
    <license>GNU GENERAL PUBLIC LICENSE. Version 2, June 1991</license>
    <forum></forum>
    <website>https://github.com/croneter/PlexKodiConnect</website>
    <source></source>
    <summary lang="en"></summary>
    <description lang="en">Connect Kodi to your Plex Media Server</description>
  </extension>
</addon>